{
  "projects": {
    "id": 1,
    "name": "projects",
    "title": "Our Projects",
    "url": "data/our-projects.json",
    "hasCategories": true,
    "data": null
  },
  "buildings": {
    "id": 2,
    "name": "buildings",
    "title": "Public Buildings",
    "keysUrl": "data/public-keys.json",
    "url": "data/public.json",
    "hasCategories": false,
    "data": null
  },
  "housing": {
    "id": 3,
    "name": "housing",
    "title": "Housing Study",
    "keysUrl": "data/housing-keys.json",
    "url": "data/housing.json",
    "hasCategories": false,
    "data": null
  }
}
