{"Sort":[{"Name":"ابواب - الاقصى","sort":"1"},{"Name":"قباب - الاقصى","sort":"3"},{"Name":"ابار - الاقصى","sort":"19"},{"Name":"مدارس - الاقصى","sort":"6"},{"Name":"اسبلة - الاقصى","sort":"10"},{"Name":"قناطر - الاقصى","sort":"18"},{"Name":"خلاوي - الاقصى","sort":"17"},{"Name":"جوامع - الاقصى","sort":"2"},{"Name":"مساطب - الاقصى","sort":"16"},{"Name":"مآذن - الاقصى","sort":"11"},{"Name":"متفرقة - الاقصى","sort":"55"},{"Name":"كنيسة - القيامة","sort":"4"},{"Name":"دير - القيامة","sort":"5"},{"Name":"قبر - القيامة","sort":"15"},{"Name":"متفرقة - القيامة","sort":"50"},{"Name":"سبيل - خارجي","sort":"11"},{"Name":"سوق - خارجي","sort":"9"},{"Name":"حمام - خارجي","sort":"8"},{"Name":"خانات - خارجي","sort":"12"},{"Name":"باب - خارجي","sort":"0"},{"Name":"برج سور اساسي","sort":"13"},{"Name":"مدرسة - خارجي","sort":"7"},{"Name":"مسقاوات - خارجي","sort":"14"}]}
